timestamp,product_slug,product_name,stock_count,status
2026-08-20 16:58:04,3-in-1-modular-crimping-tool,3 in 1 Modular Crimping Tool for RJ45 RJ12 RJ11 UTP CAT5 LAN Cutter,5,in_stock
2026-08-20 16:58:04,rj45-cat5e-ethernet-lan-crimps,RJ45 CAT5E Ethernet LAN Crimps 8P8C Connector *1Pcs,490,in_stock
2026-08-20 16:58:04,usb-2-0-male-to-usb-2-0-female-cable,USB 2.0 Male to USB 2.0 Female Cable 50cm Interface Panel Mount,15,in_stock
2026-08-20 16:58:04,1s-bms-18650-li-ion-lithium-battery-charging-protection-board,1S BMS 18650 Li-ion Lithium Battery Charging Protection Board 3.7V 2A/3A/4.5A/6A/7.5A/9A  1/2/3/4/5/6 Mos,-1,variable
2026-08-20 16:58:04,lm2596-step-down-converter-dc-4-0-40-to-1-3-37v,LM2596 Step Down Converter DC 4.0-40 to 1.3-37V,87,in_stock
2026-08-20 16:58:04,tp4056-type-c-5v-1a-18650-charger-module,TP4056 Type-C 5V 1A 18650 Lithium Battery Charger Module With Protection Dual Functions,270,in_stock
2026-08-20 16:58:04,tpa3116d2-dc12v-24v-2x50w-amplifier,TPA3116D2 DC12V-24V 2x50W Dual Channel Digital Amplifier D Class XH-M562,14,in_stock
2026-08-20 16:58:04,xh-m543-tpa3116d2-digital-power-amplifier,XH-M543 TPA3116D2 Digital Power Amplifier Class D 2x120W,18,in_stock
2026-08-20 16:58:04,1s-3-7v-3a-bms-18650-charging-board,1S 3.7V 3A BMS PCM 18650 Battery Charging Protection Board,138,in_stock
2026-08-20 16:58:04,1s-6a-4-2v-bms-charger-board,1S 6A 4.2V BMS Li-ion Battery Charger Protection Board *1Pcs,89,in_stock
2026-08-20 16:58:04,2s-20a-bms-standard-protection-board,2S 20A BMS Standard 7.4V 8.4V 18650 Lithium Battery Protection Board,48,in_stock
2026-08-20 16:58:04,aaa-rechargeable-battery-1-2v-3800mah,AAA Rechargeable Battery 1.2V 1800MAH *1Pcs,76,in_stock
2026-08-20 16:58:04,servo-motor-sg90-9g,Servo Motor SG90 9G Micro Servo Motor,290,in_stock
2026-08-20 16:58:04,2-54mm-dupont-crimp-connector-housing,2.54mm DuPont Crimp Connector Housing *25pcs,195,in_stock
2026-08-20 16:58:04,breadboard-power-supply-module-mb102-mb-102-3-3v-5v,Breadboard Power Supply Module MB102 MB-102 3.3V/5V,33,in_stock
2026-08-20 16:58:04,male-to-male-jumper-wire-30cm,Male To Male Jumper Wire 30CM 40PCS,68,in_stock
2026-08-20 16:58:04,female-to-female-jumper-wire-30cm,Female To Female Jumper Wire 30CM 40PCS,74,in_stock
2026-08-20 16:58:04,10pcs-50cm-alligator-25mm-clips,10pcs 50cm Alligator 25mm Clips Double Ended Clips Crocodile Jumper Wire,16,in_stock
2026-08-20 16:58:04,ac-universal-socket-muti-use-power-plug,AC universal socket muti-use power plug socket outlet,32,in_stock
2026-08-20 16:58:04,10-way-rainbow-color-flat-ribbon-cable-1-27mm-pitch,10 Way Rainbow Color Flat Ribbon Cable 1.27mm Pitch *1M,188,in_stock
2026-08-20 16:58:04,micro-usb-mk5p-5pin-female-connector,Micro USB MK5P 5pin Female Connector Micro USB Charging Socket *1Pcs,265,in_stock
2026-08-20 16:58:04,jst-connector-3-pin,JST XH Connector 3 Pin Single Head Pitch 2.4mm 15cm 28AWG Wire,424,in_stock
2026-08-20 16:58:04,linear-actuator-mini,Linear Actuator Mini Optimus *Without Servos,3,in_stock
2026-08-20 16:58:04,usb-2-0-pcb-mount-type-a-female-connector,USB 2.0 PCB Mount TYPE-A Female Connector Socket 90 degrees,195,in_stock
2026-08-20 16:58:04,usb-3-1-type-c-female-socket,USB 3.1 Type-C Female Socket with Board Receptacle Adapter,220,in_stock
2026-08-20 16:58:04,type-c-usb-3-1-6pin-female-connector-socket-without-shrapnel,Type-C USB 3.1 6pin female connector Socket Without Shrapnel,71,in_stock
2026-08-20 16:58:04,ds3231-real-time-clock-module-for-3-3v-5v-with-battery-for-raspberry-pi,DS3231 Real Time Clock Module for 3.3V/5V with battery For Raspberry Pi,35,in_stock
2026-08-20 16:58:04,in4007-1a-rectifier-diode,IN4007 1A Rectifier Diode *1Pcs,766,in_stock
2026-08-20 16:58:04,cr1220-3v-button-cell-battery-2,CR1220 3V Button Cell Battery CR 1220 Lithium Battery,26,in_stock
2026-08-20 16:58:04,dc-power-socket-plug-jack-connectors-dc-022,DC Power Socket Plug Jack Connectors DC-022 5.5×2.1mm *1Pcs,408,in_stock
2026-08-21 15:47:55,nrf24l01-pa-lna-module-long-distance-1100m,NRF24L01+PA+LNA Module Long Distance 1100M,28,in_stock
2026-08-21 15:47:55,tg25c60-triac-25a-600v-25c60,TG25C60 Triac 25A 600V 25C60,9,in_stock
2026-08-21 15:47:55,b500k-potentiometer-with-switch,B500K Adjustable Resistance Speed Regulator With Switch Potentiometer,34,in_stock
2026-08-21 15:47:55,two-trees-tts10-pro-blue-10w-laser-engraving-machine,TWO TREES TTS10 Pro Blue 10W Laser Engraving Machine 300x300mm,-1,variable
2026-08-21 15:47:55,12v-dc-diaphragm-water-spray-pump-ty-44520,12V DC Diaphragm Water Spray Pump 1.2 GPM 4.5 L/Min 85 PSI with Pressure Switch TY-44520,1,in_stock
2026-08-21 15:47:55,end-mill-cnc-milling-cutter-v-shape-flat-bottom,End Mill CNC Milling Cutter V Shape Flat Bottom Tungsten Steel Alloy Single Flute Engraving Bit set,-1,variable
2026-08-21 15:47:55,70mm-spindle-dust-cover-brush-1m,70mm Spindle Dust Cover Brush 1m,4,in_stock
2026-08-21 15:47:55,1-8-7-segment-display-common-anode-red,1.8” 7 Segment Display Common Anode Red,0,out_of_stock
2026-08-21 15:47:55,lever-wire-nut-connectors-quick-wiring-cable-connectors,Lever Wire Nut Connectors SPL-62 SPL-42 SPL-82 Quick Wiring Cable Connectors,-1,variable
2026-08-21 15:47:55,5-8g-1000mw-vtx-fpv-transmitter,5.8G 1000mW VTX FPV Transmitter EWRF OTG UVC Receiver Long Rang Support Smart Audio+CMOS 2.1MM FPV Camera For RC,-1,variable
2026-08-21 10:50:52,esp32-wroom-32u-wifi-and-bluetooth-ble-development-board-with-u-fl-antenna-connector,ESP32 WROOM 32U WIFI And Bluetooth BLE Development Board With U.FL Antenna Connector,28,in_stock
2026-08-21 10:50:52,12v-4channel-relay-module,12V 4 Channel Relay Module With Optocoupler LED,10,in_stock
2026-08-21 10:50:52,pc817-optocoupler-isolation-board,PC 817 Optocoupler Isolation Board 2/4/8 Channel Voltage Control Switching Module,-1,variable
2026-08-21 10:50:52,gsm-gprs-sim900-module,GSM/GPRS SIM900 Board Quad-Band Module,12,in_stock
2026-08-21 10:50:52,nrf24l01-pa-lna-module-long-distance-1100m,NRF24L01+PA+LNA Module Long Distance 1100M,28,in_stock
2026-08-21 10:50:52,tg25c60-triac-25a-600v-25c60,TG25C60 Triac 25A 600V 25C60,9,in_stock
2026-08-21 10:50:52,b500k-potentiometer-with-switch,B500K Adjustable Resistance Speed Regulator With Switch Potentiometer,34,in_stock
2026-08-21 10:50:52,two-trees-tts10-pro-blue-10w-laser-engraving-machine,TWO TREES TTS10 Pro Blue 10W Laser Engraving Machine 300x300mm,-1,variable
2026-08-21 10:50:52,12v-dc-diaphragm-water-spray-pump-ty-44520,12V DC Diaphragm Water Spray Pump 1.2 GPM 4.5 L/Min 85 PSI with Pressure Switch TY-44520,1,in_stock
2026-08-21 10:50:52,end-mill-cnc-milling-cutter-v-shape-flat-bottom,End Mill CNC Milling Cutter V Shape Flat Bottom Tungsten Steel Alloy Single Flute Engraving Bit set,-1,variable
